{"21":{"count":1,"winAvg":0,"timePlayedAvg":1691,"summoner_7_Avg":1,"summoner_4_Avg":1,"firstBloodParticipateAvg":0,"visionScorePerSecAvg":0.006505026611472502,"magicDamageDealtToChampionsPerSecAvg":0.8935541099940864,"physicalDamageDealtToChampionsPerSecAvg":12.040212891780012,"trueDamageDealtToChampionsPerSecAvg":0.02897693672383205,"totalDamageDealtToChampionsPerSecAvg":12.96333530455352,"totalDamageTakenPerSecAvg":13.4795978710822,"damageDealtToObjectivesPerSecAvg":2.6043761088113544,"damageDealtToTurretsPerSecAvg":0.6989946777054997,"killsPerSecAvg":0.004730928444707274,"deathsPerSecAvg":0.004139562389118865,"assistsPerSecAvg":0.004139562389118865,"wardsPlacedPerSecAvg":0.005322294500295683,"neutralMinionsKilledPerSecAvg":0,"objectivesStolenPerSecAvg":0,"goldEarnedPerSecAvg":5.891780011827321},"23":{"count":1,"winAvg":1,"timePlayedAvg":1691,"summoner_4_Avg":1,"summoner_6_Avg":1,"firstBloodParticipateAvg":0,"visionScorePerSecAvg":0.011235955056179775,"magicDamageDealtToChampionsPerSecAvg":0,"physicalDamageDealtToChampionsPerSecAvg":6.538734476641041,"trueDamageDealtToChampionsPerSecAvg":0.7717327025428741,"totalDamageDealtToChampionsPerSecAvg":7.311058545239503,"totalDamageTakenPerSecAvg":17.002365464222354,"damageDealtToObjectivesPerSecAvg":16.088113542282674,"damageDealtToTurretsPerSecAvg":4.766410408042578,"killsPerSecAvg":0.0017740981667652277,"deathsPerSecAvg":0,"assistsPerSecAvg":0.0035481963335304554,"wardsPlacedPerSecAvg":0.002365464222353637,"neutralMinionsKilledPerSecAvg":0.018923713778829097,"objectivesStolenPerSecAvg":0,"goldEarnedPerSecAvg":6.931401537551745},"63":{"count":1,"winAvg":0,"timePlayedAvg":1691,"summoner_7_Avg":1,"summoner_4_Avg":1,"firstBloodParticipateAvg":0,"visionScorePerSecAvg":0.013010053222945003,"magicDamageDealtToChampionsPerSecAvg":6.824364281490243,"physicalDamageDealtToChampionsPerSecAvg":0.3075103489059728,"trueDamageDealtToChampionsPerSecAvg":0,"totalDamageDealtToChampionsPerSecAvg":7.132465996451804,"totalDamageTakenPerSecAvg":13.194559432288587,"damageDealtToObjectivesPerSecAvg":0.8923713778829095,"damageDealtToTurretsPerSecAvg":0.413364872856298,"killsPerSecAvg":0.0017740981667652277,"deathsPerSecAvg":0.007096392667060911,"assistsPerSecAvg":0.0011827321111768185,"wardsPlacedPerSecAvg":0.006505026611472502,"neutralMinionsKilledPerSecAvg":0,"objectivesStolenPerSecAvg":0,"goldEarnedPerSecAvg":4.540508574807806},"77":{"count":1,"winAvg":0,"timePlayedAvg":1691,"summoner_11_Avg":1,"summoner_21_Avg":1,"firstBloodParticipateAvg":0,"visionScorePerSecAvg":0.005322294500295683,"magicDamageDealtToChampionsPerSecAvg":2.890005913660556,"physicalDamageDealtToChampionsPerSecAvg":3.656416321703134,"trueDamageDealtToChampionsPerSecAvg":0.6759314015375517,"totalDamageDealtToChampionsPerSecAvg":7.2229450029568305,"totalDamageTakenPerSecAvg":20.136605558840923,"damageDealtToObjectivesPerSecAvg":2.162034299231224,"damageDealtToTurretsPerSecAvg":0.03903015966883501,"killsPerSecAvg":0.0017740981667652277,"deathsPerSecAvg":0.005322294500295683,"assistsPerSecAvg":0.004139562389118865,"wardsPlacedPerSecAvg":0.0029568302779420462,"neutralMinionsKilledPerSecAvg":0.05204021289178001,"objectivesStolenPerSecAvg":0,"goldEarnedPerSecAvg":5.218805440567712},"99":{"count":1,"winAvg":1,"timePlayedAvg":1691,"summoner_12_Avg":1,"summoner_7_Avg":1,"firstBloodParticipateAvg":0,"visionScorePerSecAvg":0.01655824955647546,"magicDamageDealtToChampionsPerSecAvg":10.075694855115316,"physicalDamageDealtToChampionsPerSecAvg":0.6197516262566529,"trueDamageDealtToChampionsPerSecAvg":0,"totalDamageDealtToChampionsPerSecAvg":10.695446481371969,"totalDamageTakenPerSecAvg":8.528681253696037,"damageDealtToObjectivesPerSecAvg":2.0059136605558843,"damageDealtToTurretsPerSecAvg":1.3447664104080426,"killsPerSecAvg":0.0029568302779420462,"deathsPerSecAvg":0.004139562389118865,"assistsPerSecAvg":0.011235955056179775,"wardsPlacedPerSecAvg":0.010644589000591367,"neutralMinionsKilledPerSecAvg":0,"objectivesStolenPerSecAvg":0,"goldEarnedPerSecAvg":5.598462448255471},"202":{"count":1,"winAvg":1,"timePlayedAvg":1691,"summoner_4_Avg":1,"summoner_7_Avg":1,"firstBloodParticipateAvg":0,"visionScorePerSecAvg":0.007096392667060911,"magicDamageDealtToChampionsPerSecAvg":0.7463039621525724,"physicalDamageDealtToChampionsPerSecAvg":7.489651094027203,"trueDamageDealtToChampionsPerSecAvg":0,"totalDamageDealtToChampionsPerSecAvg":8.236546422235364,"totalDamageTakenPerSecAvg":11.082791247782378,"damageDealtToObjectivesPerSecAvg":8.068598462448255,"damageDealtToTurretsPerSecAvg":2.591957421643998,"killsPerSecAvg":0.0029568302779420462,"deathsPerSecAvg":0.0035481963335304554,"assistsPerSecAvg":0.006505026611472502,"wardsPlacedPerSecAvg":0.004139562389118865,"neutralMinionsKilledPerSecAvg":0.002365464222353637,"objectivesStolenPerSecAvg":0,"goldEarnedPerSecAvg":5.408633944411591},"245":{"count":1,"winAvg":1,"timePlayedAvg":1691,"summoner_14_Avg":1,"summoner_4_Avg":1,"firstBloodParticipateAvg":1,"visionScorePerSecAvg":0.011827321111768185,"magicDamageDealtToChampionsPerSecAvg":16.907155529272618,"physicalDamageDealtToChampionsPerSecAvg":2.7806031933767,"trueDamageDealtToChampionsPerSecAvg":0.6499112950916618,"totalDamageDealtToChampionsPerSecAvg":20.33826138379657,"totalDamageTakenPerSecAvg":15.202247191011235,"damageDealtToObjectivesPerSecAvg":5.614429331756357,"damageDealtToTurretsPerSecAvg":3.930810171496156,"killsPerSecAvg":0.011827321111768185,"deathsPerSecAvg":0.0011827321111768185,"assistsPerSecAvg":0.005322294500295683,"wardsPlacedPerSecAvg":0.007096392667060911,"neutralMinionsKilledPerSecAvg":0.002365464222353637,"objectivesStolenPerSecAvg":0,"goldEarnedPerSecAvg":8.549379065641633},"516":{"count":1,"winAvg":0,"timePlayedAvg":1691,"summoner_4_Avg":1,"summoner_12_Avg":1,"firstBloodParticipateAvg":0,"visionScorePerSecAvg":0.008870490833826138,"magicDamageDealtToChampionsPerSecAvg":5.242460082791248,"physicalDamageDealtToChampionsPerSecAvg":3.4186871673565937,"trueDamageDealtToChampionsPerSecAvg":0,"totalDamageDealtToChampionsPerSecAvg":8.661147250147842,"totalDamageTakenPerSecAvg":12.426374926079243,"damageDealtToObjectivesPerSecAvg":0,"damageDealtToTurretsPerSecAvg":0,"killsPerSecAvg":0,"deathsPerSecAvg":0.0011827321111768185,"assistsPerSecAvg":0.0011827321111768185,"wardsPlacedPerSecAvg":0.005322294500295683,"neutralMinionsKilledPerSecAvg":0,"objectivesStolenPerSecAvg":0,"goldEarnedPerSecAvg":4.374334713187463},"876":{"count":1,"winAvg":1,"timePlayedAvg":1691,"summoner_11_Avg":1,"summoner_4_Avg":1,"firstBloodParticipateAvg":0,"visionScorePerSecAvg":0.00768775872264932,"magicDamageDealtToChampionsPerSecAvg":11.276167947959786,"physicalDamageDealtToChampionsPerSecAvg":0.3282081608515671,"trueDamageDealtToChampionsPerSecAvg":4.511531638083974,"totalDamageDealtToChampionsPerSecAvg":16.116499112950915,"totalDamageTakenPerSecAvg":18.723832052040212,"damageDealtToObjectivesPerSecAvg":8.622708456534594,"damageDealtToTurretsPerSecAvg":0.2708456534594914,"killsPerSecAvg":0.004730928444707274,"deathsPerSecAvg":0.0017740981667652277,"assistsPerSecAvg":0.00768775872264932,"wardsPlacedPerSecAvg":0.002365464222353637,"neutralMinionsKilledPerSecAvg":0.0638675340035482,"objectivesStolenPerSecAvg":0,"goldEarnedPerSecAvg":7.068007096392667},"887":{"count":1,"winAvg":0,"timePlayedAvg":1691,"summoner_12_Avg":1,"summoner_4_Avg":1,"firstBloodParticipateAvg":0,"visionScorePerSecAvg":0.01596688350088705,"magicDamageDealtToChampionsPerSecAvg":5.293317563571851,"physicalDamageDealtToChampionsPerSecAvg":1.1306918982850385,"trueDamageDealtToChampionsPerSecAvg":0.9976345357776464,"totalDamageDealtToChampionsPerSecAvg":7.421643997634535,"totalDamageTakenPerSecAvg":15.443524541691307,"damageDealtToObjectivesPerSecAvg":0.11295091661738617,"damageDealtToTurretsPerSecAvg":0,"killsPerSecAvg":0.002365464222353637,"deathsPerSecAvg":0.006505026611472502,"assistsPerSecAvg":0.0005913660555884093,"wardsPlacedPerSecAvg":0.0059136605558840925,"neutralMinionsKilledPerSecAvg":0,"objectivesStolenPerSecAvg":0,